company_id,name,link,link_google,thumbnail
1,Company 001,https://example.com/company/1,https://www.google.com/search?q=Company+001,https://example.com/logo/1.png
2,Company 002,https://example.com/company/2,https://www.google.com/search?q=Company+002,https://example.com/logo/2.png
3,Company 003,https://example.com/company/3,https://www.google.com/search?q=Company+003,https://example.com/logo/3.png
4,Company 004,https://example.com/company/4,https://www.google.com/search?q=Company+004,https://example.com/logo/4.png
5,Company 005,https://example.com/company/5,https://www.google.com/search?q=Company+005,https://example.com/logo/5.png
6,Company 006,https://example.com/company/6,https://www.google.com/search?q=Company+006,https://example.com/logo/6.png
7,Company 007,https://example.com/company/7,https://www.google.com/search?q=Company+007,https://example.com/logo/7.png
8,Company 008,https://example.com/company/8,https://www.google.com/search?q=Company+008,https://example.com/logo/8.png
9,Company 009,https://example.com/company/9,https://www.google.com/search?q=Company+009,https://example.com/logo/9.png
10,Company 010,https://example.com/company/10,https://www.google.com/search?q=Company+010,https://example.com/logo/10.png
11,Company 011,https://example.com/company/11,https://www.google.com/search?q=Company+011,https://example.com/logo/11.png
12,Company 012,https://example.com/company/12,https://www.google.com/search?q=Company+012,https://example.com/logo/12.png
13,Company 013,https://example.com/company/13,https://www.google.com/search?q=Company+013,https://example.com/logo/13.png
14,Company 014,https://example.com/company/14,https://www.google.com/search?q=Company+014,https://example.com/logo/14.png
15,Company 015,https://example.com/company/15,https://www.google.com/search?q=Company+015,https://example.com/logo/15.png
16,Company 016,https://example.com/company/16,https://www.google.com/search?q=Company+016,https://example.com/logo/16.png
17,Company 017,https://example.com/company/17,https://www.google.com/search?q=Company+017,https://example.com/logo/17.png
18,Company 018,https://example.com/company/18,https://www.google.com/search?q=Company+018,https://example.com/logo/18.png
19,Company 019,https://example.com/company/19,https://www.google.com/search?q=Company+019,https://example.com/logo/19.png
20,Company 020,https://example.com/company/20,https://www.google.com/search?q=Company+020,https://example.com/logo/20.png
21,Company 021,https://example.com/company/21,https://www.google.com/search?q=Company+021,https://example.com/logo/21.png
22,Company 022,https://example.com/company/22,https://www.google.com/search?q=Company+022,https://example.com/logo/22.png
23,Company 023,https://example.com/company/23,https://www.google.com/search?q=Company+023,https://example.com/logo/23.png
24,Company 024,https://example.com/company/24,https://www.google.com/search?q=Company+024,https://example.com/logo/24.png
25,Company 025,https://example.com/company/25,https://www.google.com/search?q=Company+025,https://example.com/logo/25.png
26,Company 026,https://example.com/company/26,https://www.google.com/search?q=Company+026,https://example.com/logo/26.png
27,Company 027,https://example.com/company/27,https://www.google.com/search?q=Company+027,https://example.com/logo/27.png
28,Company 028,https://example.com/company/28,https://www.google.com/search?q=Company+028,https://example.com/logo/28.png
29,Company 029,https://example.com/company/29,https://www.google.com/search?q=Company+029,https://example.com/logo/29.png
30,Company 030,https://example.com/company/30,https://www.google.com/search?q=Company+030,https://example.com/logo/30.png
31,Company 031,https://example.com/company/31,https://www.google.com/search?q=Company+031,https://example.com/logo/31.png
32,Company 032,https://example.com/company/32,https://www.google.com/search?q=Company+032,https://example.com/logo/32.png
33,Company 033,https://example.com/company/33,https://www.google.com/search?q=Company+033,https://example.com/logo/33.png
34,Company 034,https://example.com/company/34,https://www.google.com/search?q=Company+034,https://example.com/logo/34.png
35,Company 035,https://example.com/company/35,https://www.google.com/search?q=Company+035,https://example.com/logo/35.png
36,Company 036,https://example.com/company/36,https://www.google.com/search?q=Company+036,https://example.com/logo/36.png
37,Company 037,https://example.com/company/37,https://www.google.com/search?q=Company+037,https://example.com/logo/37.png
38,Company 038,https://example.com/company/38,https://www.google.com/search?q=Company+038,https://example.com/logo/38.png
39,Company 039,https://example.com/company/39,https://www.google.com/search?q=Company+039,https://example.com/logo/39.png
40,Company 040,https://example.com/company/40,https://www.google.com/search?q=Company+040,https://example.com/logo/40.png
41,Company 041,https://example.com/company/41,https://www.google.com/search?q=Company+041,https://example.com/logo/41.png
42,Company 042,https://example.com/company/42,https://www.google.com/search?q=Company+042,https://example.com/logo/42.png
43,Company 043,https://example.com/company/43,https://www.google.com/search?q=Company+043,https://example.com/logo/43.png
44,Company 044,https://example.com/company/44,https://www.google.com/search?q=Company+044,https://example.com/logo/44.png
45,Company 045,https://example.com/company/45,https://www.google.com/search?q=Company+045,https://example.com/logo/45.png
46,Company 046,https://example.com/company/46,https://www.google.com/search?q=Company+046,https://example.com/logo/46.png
47,Company 047,https://example.com/company/47,https://www.google.com/search?q=Company+047,https://example.com/logo/47.png
48,Company 048,https://example.com/company/48,https://www.google.com/search?q=Company+048,https://example.com/logo/48.png
49,Company 049,https://example.com/company/49,https://www.google.com/search?q=Company+049,https://example.com/logo/49.png
50,Company 050,https://example.com/company/50,https://www.google.com/search?q=Company+050,https://example.com/logo/50.png
51,Company 051,https://example.com/company/51,https://www.google.com/search?q=Company+051,https://example.com/logo/51.png
52,Company 052,https://example.com/company/52,https://www.google.com/search?q=Company+052,https://example.com/logo/52.png
53,Company 053,https://example.com/company/53,https://www.google.com/search?q=Company+053,https://example.com/logo/53.png
54,Company 054,https://example.com/company/54,https://www.google.com/search?q=Company+054,https://example.com/logo/54.png
55,Company 055,https://example.com/company/55,https://www.google.com/search?q=Company+055,https://example.com/logo/55.png
56,Company 056,https://example.com/company/56,https://www.google.com/search?q=Company+056,https://example.com/logo/56.png
57,Company 057,https://example.com/company/57,https://www.google.com/search?q=Company+057,https://example.com/logo/57.png
58,Company 058,https://example.com/company/58,https://www.google.com/search?q=Company+058,https://example.com/logo/58.png
59,Company 059,https://example.com/company/59,https://www.google.com/search?q=Company+059,https://example.com/logo/59.png
60,Company 060,https://example.com/company/60,https://www.google.com/search?q=Company+060,https://example.com/logo/60.png
61,Company 061,https://example.com/company/61,https://www.google.com/search?q=Company+061,https://example.com/logo/61.png
62,Company 062,https://example.com/company/62,https://www.google.com/search?q=Company+062,https://example.com/logo/62.png
63,Company 063,https://example.com/company/63,https://www.google.com/search?q=Company+063,https://example.com/logo/63.png
64,Company 064,https://example.com/company/64,https://www.google.com/search?q=Company+064,https://example.com/logo/64.png
65,Company 065,https://example.com/company/65,https://www.google.com/search?q=Company+065,https://example.com/logo/65.png
66,Company 066,https://example.com/company/66,https://www.google.com/search?q=Company+066,https://example.com/logo/66.png
67,Company 067,https://example.com/company/67,https://www.google.com/search?q=Company+067,https://example.com/logo/67.png
68,Company 068,https://example.com/company/68,https://www.google.com/search?q=Company+068,https://example.com/logo/68.png
69,Company 069,https://example.com/company/69,https://www.google.com/search?q=Company+069,https://example.com/logo/69.png
70,Company 070,https://example.com/company/70,https://www.google.com/search?q=Company+070,https://example.com/logo/70.png
71,Company 071,https://example.com/company/71,https://www.google.com/search?q=Company+071,https://example.com/logo/71.png
72,Company 072,https://example.com/company/72,https://www.google.com/search?q=Company+072,https://example.com/logo/72.png
73,Company 073,https://example.com/company/73,https://www.google.com/search?q=Company+073,https://example.com/logo/73.png
74,Company 074,https://example.com/company/74,https://www.google.com/search?q=Company+074,https://example.com/logo/74.png
75,Company 075,https://example.com/company/75,https://www.google.com/search?q=Company+075,https://example.com/logo/75.png
76,Company 076,https://example.com/company/76,https://www.google.com/search?q=Company+076,https://example.com/logo/76.png
77,Company 077,https://example.com/company/77,https://www.google.com/search?q=Company+077,https://example.com/logo/77.png
78,Company 078,https://example.com/company/78,https://www.google.com/search?q=Company+078,https://example.com/logo/78.png
79,Company 079,https://example.com/company/79,https://www.google.com/search?q=Company+079,https://example.com/logo/79.png
80,Company 080,https://example.com/company/80,https://www.google.com/search?q=Company+080,https://example.com/logo/80.png
81,Company 081,https://example.com/company/81,https://www.google.com/search?q=Company+081,https://example.com/logo/81.png
82,Company 082,https://example.com/company/82,https://www.google.com/search?q=Company+082,https://example.com/logo/82.png
83,Company 083,https://example.com/company/83,https://www.google.com/search?q=Company+083,https://example.com/logo/83.png
84,Company 084,https://example.com/company/84,https://www.google.com/search?q=Company+084,https://example.com/logo/84.png
85,Company 085,https://example.com/company/85,https://www.google.com/search?q=Company+085,https://example.com/logo/85.png
86,Company 086,https://example.com/company/86,https://www.google.com/search?q=Company+086,https://example.com/logo/86.png
87,Company 087,https://example.com/company/87,https://www.google.com/search?q=Company+087,https://example.com/logo/87.png
88,Company 088,https://example.com/company/88,https://www.google.com/search?q=Company+088,https://example.com/logo/88.png
89,Company 089,https://example.com/company/89,https://www.google.com/search?q=Company+089,https://example.com/logo/89.png
90,Company 090,https://example.com/company/90,https://www.google.com/search?q=Company+090,https://example.com/logo/90.png
91,Company 091,https://example.com/company/91,https://www.google.com/search?q=Company+091,https://example.com/logo/91.png
92,Company 092,https://example.com/company/92,https://www.google.com/search?q=Company+092,https://example.com/logo/92.png
93,Company 093,https://example.com/company/93,https://www.google.com/search?q=Company+093,https://example.com/logo/93.png
94,Company 094,https://example.com/company/94,https://www.google.com/search?q=Company+094,https://example.com/logo/94.png
95,Company 095,https://example.com/company/95,https://www.google.com/search?q=Company+095,https://example.com/logo/95.png
96,Company 096,https://example.com/company/96,https://www.google.com/search?q=Company+096,https://example.com/logo/96.png
97,Company 097,https://example.com/company/97,https://www.google.com/search?q=Company+097,https://example.com/logo/97.png
98,Company 098,https://example.com/company/98,https://www.google.com/search?q=Company+098,https://example.com/logo/98.png
99,Company 099,https://example.com/company/99,https://www.google.com/search?q=Company+099,https://example.com/logo/99.png
100,Company 100,https://example.com/company/100,https://www.google.com/search?q=Company+100,https://example.com/logo/100.png
101,Company 101,https://example.com/company/101,https://www.google.com/search?q=Company+101,https://example.com/logo/101.png
102,Company 102,https://example.com/company/102,https://www.google.com/search?q=Company+102,https://example.com/logo/102.png
103,Company 103,https://example.com/company/103,https://www.google.com/search?q=Company+103,https://example.com/logo/103.png
104,Company 104,https://example.com/company/104,https://www.google.com/search?q=Company+104,https://example.com/logo/104.png
105,Company 105,https://example.com/company/105,https://www.google.com/search?q=Company+105,https://example.com/logo/105.png
106,Company 106,https://example.com/company/106,https://www.google.com/search?q=Company+106,https://example.com/logo/106.png
107,Company 107,https://example.com/company/107,https://www.google.com/search?q=Company+107,https://example.com/logo/107.png
108,Company 108,https://example.com/company/108,https://www.google.com/search?q=Company+108,https://example.com/logo/108.png
109,Company 109,https://example.com/company/109,https://www.google.com/search?q=Company+109,https://example.com/logo/109.png
110,Company 110,https://example.com/company/110,https://www.google.com/search?q=Company+110,https://example.com/logo/110.png
111,Company 111,https://example.com/company/111,https://www.google.com/search?q=Company+111,https://example.com/logo/111.png
112,Company 112,https://example.com/company/112,https://www.google.com/search?q=Company+112,https://example.com/logo/112.png
113,Company 113,https://example.com/company/113,https://www.google.com/search?q=Company+113,https://example.com/logo/113.png
114,Company 114,https://example.com/company/114,https://www.google.com/search?q=Company+114,https://example.com/logo/114.png
115,Company 115,https://example.com/company/115,https://www.google.com/search?q=Company+115,https://example.com/logo/115.png
116,Company 116,https://example.com/company/116,https://www.google.com/search?q=Company+116,https://example.com/logo/116.png
117,Company 117,https://example.com/company/117,https://www.google.com/search?q=Company+117,https://example.com/logo/117.png
118,Company 118,https://example.com/company/118,https://www.google.com/search?q=Company+118,https://example.com/logo/118.png
119,Company 119,https://example.com/company/119,https://www.google.com/search?q=Company+119,https://example.com/logo/119.png
120,Company 120,https://example.com/company/120,https://www.google.com/search?q=Company+120,https://example.com/logo/120.png
121,Company 121,https://example.com/company/121,https://www.google.com/search?q=Company+121,https://example.com/logo/121.png
122,Company 122,https://example.com/company/122,https://www.google.com/search?q=Company+122,https://example.com/logo/122.png
123,Company 123,https://example.com/company/123,https://www.google.com/search?q=Company+123,https://example.com/logo/123.png
124,Company 124,https://example.com/company/124,https://www.google.com/search?q=Company+124,https://example.com/logo/124.png
125,Company 125,https://example.com/company/125,https://www.google.com/search?q=Company+125,https://example.com/logo/125.png
126,Company 126,https://example.com/company/126,https://www.google.com/search?q=Company+126,https://example.com/logo/126.png
127,Company 127,https://example.com/company/127,https://www.google.com/search?q=Company+127,https://example.com/logo/127.png
128,Company 128,https://example.com/company/128,https://www.google.com/search?q=Company+128,https://example.com/logo/128.png
129,Company 129,https://example.com/company/129,https://www.google.com/search?q=Company+129,https://example.com/logo/129.png
130,Company 130,https://example.com/company/130,https://www.google.com/search?q=Company+130,https://example.com/logo/130.png
131,Company 131,https://example.com/company/131,https://www.google.com/search?q=Company+131,https://example.com/logo/131.png
132,Company 132,https://example.com/company/132,https://www.google.com/search?q=Company+132,https://example.com/logo/132.png
133,Company 133,https://example.com/company/133,https://www.google.com/search?q=Company+133,https://example.com/logo/133.png
134,Company 134,https://example.com/company/134,https://www.google.com/search?q=Company+134,https://example.com/logo/134.png
135,Company 135,https://example.com/company/135,https://www.google.com/search?q=Company+135,https://example.com/logo/135.png
136,Company 136,https://example.com/company/136,https://www.google.com/search?q=Company+136,https://example.com/logo/136.png
137,Company 137,https://example.com/company/137,https://www.google.com/search?q=Company+137,https://example.com/logo/137.png
138,Company 138,https://example.com/company/138,https://www.google.com/search?q=Company+138,https://example.com/logo/138.png
139,Company 139,https://example.com/company/139,https://www.google.com/search?q=Company+139,https://example.com/logo/139.png
140,Company 140,https://example.com/company/140,https://www.google.com/search?q=Company+140,https://example.com/logo/140.png
141,Company 141,https://example.com/company/141,https://www.google.com/search?q=Company+141,https://example.com/logo/141.png
142,Company 142,https://example.com/company/142,https://www.google.com/search?q=Company+142,https://example.com/logo/142.png
143,Company 143,https://example.com/company/143,https://www.google.com/search?q=Company+143,https://example.com/logo/143.png
144,Company 144,https://example.com/company/144,https://www.google.com/search?q=Company+144,https://example.com/logo/144.png
145,Company 145,https://example.com/company/145,https://www.google.com/search?q=Company+145,https://example.com/logo/145.png
146,Company 146,https://example.com/company/146,https://www.google.com/search?q=Company+146,https://example.com/logo/146.png
147,Company 147,https://example.com/company/147,https://www.google.com/search?q=Company+147,https://example.com/logo/147.png
148,Company 148,https://example.com/company/148,https://www.google.com/search?q=Company+148,https://example.com/logo/148.png
149,Company 149,https://example.com/company/149,https://www.google.com/search?q=Company+149,https://example.com/logo/149.png
150,Company 150,https://example.com/company/150,https://www.google.com/search?q=Company+150,https://example.com/logo/150.png
151,Company 151,https://example.com/company/151,https://www.google.com/search?q=Company+151,https://example.com/logo/151.png
152,Company 152,https://example.com/company/152,https://www.google.com/search?q=Company+152,https://example.com/logo/152.png
153,Company 153,https://example.com/company/153,https://www.google.com/search?q=Company+153,https://example.com/logo/153.png
154,Company 154,https://example.com/company/154,https://www.google.com/search?q=Company+154,https://example.com/logo/154.png
155,Company 155,https://example.com/company/155,https://www.google.com/search?q=Company+155,https://example.com/logo/155.png
156,Company 156,https://example.com/company/156,https://www.google.com/search?q=Company+156,https://example.com/logo/156.png
157,Company 157,https://example.com/company/157,https://www.google.com/search?q=Company+157,https://example.com/logo/157.png
158,Company 158,https://example.com/company/158,https://www.google.com/search?q=Company+158,https://example.com/logo/158.png
159,Company 159,https://example.com/company/159,https://www.google.com/search?q=Company+159,https://example.com/logo/159.png
160,Company 160,https://example.com/company/160,https://www.google.com/search?q=Company+160,https://example.com/logo/160.png
161,Company 161,https://example.com/company/161,https://www.google.com/search?q=Company+161,https://example.com/logo/161.png
162,Company 162,https://example.com/company/162,https://www.google.com/search?q=Company+162,https://example.com/logo/162.png
163,Company 163,https://example.com/company/163,https://www.google.com/search?q=Company+163,https://example.com/logo/163.png
164,Company 164,https://example.com/company/164,https://www.google.com/search?q=Company+164,https://example.com/logo/164.png
165,Company 165,https://example.com/company/165,https://www.google.com/search?q=Company+165,https://example.com/logo/165.png
166,Company 166,https://example.com/company/166,https://www.google.com/search?q=Company+166,https://example.com/logo/166.png
167,Company 167,https://example.com/company/167,https://www.google.com/search?q=Company+167,https://example.com/logo/167.png
168,Company 168,https://example.com/company/168,https://www.google.com/search?q=Company+168,https://example.com/logo/168.png
169,Company 169,https://example.com/company/169,https://www.google.com/search?q=Company+169,https://example.com/logo/169.png
170,Company 170,https://example.com/company/170,https://www.google.com/search?q=Company+170,https://example.com/logo/170.png
171,Company 171,https://example.com/company/171,https://www.google.com/search?q=Company+171,https://example.com/logo/171.png
172,Company 172,https://example.com/company/172,https://www.google.com/search?q=Company+172,https://example.com/logo/172.png
173,Company 173,https://example.com/company/173,https://www.google.com/search?q=Company+173,https://example.com/logo/173.png
174,Company 174,https://example.com/company/174,https://www.google.com/search?q=Company+174,https://example.com/logo/174.png
175,Company 175,https://example.com/company/175,https://www.google.com/search?q=Company+175,https://example.com/logo/175.png
176,Company 176,https://example.com/company/176,https://www.google.com/search?q=Company+176,https://example.com/logo/176.png
177,Company 177,https://example.com/company/177,https://www.google.com/search?q=Company+177,https://example.com/logo/177.png
178,Company 178,https://example.com/company/178,https://www.google.com/search?q=Company+178,https://example.com/logo/178.png
179,Company 179,https://example.com/company/179,https://www.google.com/search?q=Company+179,https://example.com/logo/179.png
180,Company 180,https://example.com/company/180,https://www.google.com/search?q=Company+180,https://example.com/logo/180.png
181,Company 181,https://example.com/company/181,https://www.google.com/search?q=Company+181,https://example.com/logo/181.png
182,Company 182,https://example.com/company/182,https://www.google.com/search?q=Company+182,https://example.com/logo/182.png
183,Company 183,https://example.com/company/183,https://www.google.com/search?q=Company+183,https://example.com/logo/183.png
184,Company 184,https://example.com/company/184,https://www.google.com/search?q=Company+184,https://example.com/logo/184.png
185,Company 185,https://example.com/company/185,https://www.google.com/search?q=Company+185,https://example.com/logo/185.png
186,Company 186,https://example.com/company/186,https://www.google.com/search?q=Company+186,https://example.com/logo/186.png
187,Company 187,https://example.com/company/187,https://www.google.com/search?q=Company+187,https://example.com/logo/187.png
188,Company 188,https://example.com/company/188,https://www.google.com/search?q=Company+188,https://example.com/logo/188.png
189,Company 189,https://example.com/company/189,https://www.google.com/search?q=Company+189,https://example.com/logo/189.png
190,Company 190,https://example.com/company/190,https://www.google.com/search?q=Company+190,https://example.com/logo/190.png
191,Company 191,https://example.com/company/191,https://www.google.com/search?q=Company+191,https://example.com/logo/191.png
192,Company 192,https://example.com/company/192,https://www.google.com/search?q=Company+192,https://example.com/logo/192.png
193,Company 193,https://example.com/company/193,https://www.google.com/search?q=Company+193,https://example.com/logo/193.png
194,Company 194,https://example.com/company/194,https://www.google.com/search?q=Company+194,https://example.com/logo/194.png
195,Company 195,https://example.com/company/195,https://www.google.com/search?q=Company+195,https://example.com/logo/195.png
196,Company 196,https://example.com/company/196,https://www.google.com/search?q=Company+196,https://example.com/logo/196.png
197,Company 197,https://example.com/company/197,https://www.google.com/search?q=Company+197,https://example.com/logo/197.png
198,Company 198,https://example.com/company/198,https://www.google.com/search?q=Company+198,https://example.com/logo/198.png
199,Company 199,https://example.com/company/199,https://www.google.com/search?q=Company+199,https://example.com/logo/199.png
200,Company 200,https://example.com/company/200,https://www.google.com/search?q=Company+200,https://example.com/logo/200.png
201,Company 201,https://example.com/company/201,https://www.google.com/search?q=Company+201,https://example.com/logo/201.png
202,Company 202,https://example.com/company/202,https://www.google.com/search?q=Company+202,https://example.com/logo/202.png
203,Company 203,https://example.com/company/203,https://www.google.com/search?q=Company+203,https://example.com/logo/203.png
204,Company 204,https://example.com/company/204,https://www.google.com/search?q=Company+204,https://example.com/logo/204.png
205,Company 205,https://example.com/company/205,https://www.google.com/search?q=Company+205,https://example.com/logo/205.png
206,Company 206,https://example.com/company/206,https://www.google.com/search?q=Company+206,https://example.com/logo/206.png
207,Company 207,https://example.com/company/207,https://www.google.com/search?q=Company+207,https://example.com/logo/207.png
208,Company 208,https://example.com/company/208,https://www.google.com/search?q=Company+208,https://example.com/logo/208.png
209,Company 209,https://example.com/company/209,https://www.google.com/search?q=Company+209,https://example.com/logo/209.png
210,Company 210,https://example.com/company/210,https://www.google.com/search?q=Company+210,https://example.com/logo/210.png
211,Company 211,https://example.com/company/211,https://www.google.com/search?q=Company+211,https://example.com/logo/211.png
212,Company 212,https://example.com/company/212,https://www.google.com/search?q=Company+212,https://example.com/logo/212.png
213,Company 213,https://example.com/company/213,https://www.google.com/search?q=Company+213,https://example.com/logo/213.png
214,Company 214,https://example.com/company/214,https://www.google.com/search?q=Company+214,https://example.com/logo/214.png
215,Company 215,https://example.com/company/215,https://www.google.com/search?q=Company+215,https://example.com/logo/215.png
216,Company 216,https://example.com/company/216,https://www.google.com/search?q=Company+216,https://example.com/logo/216.png
217,Company 217,https://example.com/company/217,https://www.google.com/search?q=Company+217,https://example.com/logo/217.png
218,Company 218,https://example.com/company/218,https://www.google.com/search?q=Company+218,https://example.com/logo/218.png
219,Company 219,https://example.com/company/219,https://www.google.com/search?q=Company+219,https://example.com/logo/219.png
220,Company 220,https://example.com/company/220,https://www.google.com/search?q=Company+220,https://example.com/logo/220.png
221,Company 221,https://example.com/company/221,https://www.google.com/search?q=Company+221,https://example.com/logo/221.png
222,Company 222,https://example.com/company/222,https://www.google.com/search?q=Company+222,https://example.com/logo/222.png
223,Company 223,https://example.com/company/223,https://www.google.com/search?q=Company+223,https://example.com/logo/223.png
224,Company 224,https://example.com/company/224,https://www.google.com/search?q=Company+224,https://example.com/logo/224.png
225,Company 225,https://example.com/company/225,https://www.google.com/search?q=Company+225,https://example.com/logo/225.png
226,Company 226,https://example.com/company/226,https://www.google.com/search?q=Company+226,https://example.com/logo/226.png
227,Company 227,https://example.com/company/227,https://www.google.com/search?q=Company+227,https://example.com/logo/227.png
228,Company 228,https://example.com/company/228,https://www.google.com/search?q=Company+228,https://example.com/logo/228.png
229,Company 229,https://example.com/company/229,https://www.google.com/search?q=Company+229,https://example.com/logo/229.png
230,Company 230,https://example.com/company/230,https://www.google.com/search?q=Company+230,https://example.com/logo/230.png
231,Company 231,https://example.com/company/231,https://www.google.com/search?q=Company+231,https://example.com/logo/231.png
232,Company 232,https://example.com/company/232,https://www.google.com/search?q=Company+232,https://example.com/logo/232.png
233,Company 233,https://example.com/company/233,https://www.google.com/search?q=Company+233,https://example.com/logo/233.png
234,Company 234,https://example.com/company/234,https://www.google.com/search?q=Company+234,https://example.com/logo/234.png
235,Company 235,https://example.com/company/235,https://www.google.com/search?q=Company+235,https://example.com/logo/235.png
236,Company 236,https://example.com/company/236,https://www.google.com/search?q=Company+236,https://example.com/logo/236.png
237,Company 237,https://example.com/company/237,https://www.google.com/search?q=Company+237,https://example.com/logo/237.png
238,Company 238,https://example.com/company/238,https://www.google.com/search?q=Company+238,https://example.com/logo/238.png
239,Company 239,https://example.com/company/239,https://www.google.com/search?q=Company+239,https://example.com/logo/239.png
240,Company 240,https://example.com/company/240,https://www.google.com/search?q=Company+240,https://example.com/logo/240.png
241,Company 241,https://example.com/company/241,https://www.google.com/search?q=Company+241,https://example.com/logo/241.png
242,Company 242,https://example.com/company/242,https://www.google.com/search?q=Company+242,https://example.com/logo/242.png
243,Company 243,https://example.com/company/243,https://www.google.com/search?q=Company+243,https://example.com/logo/243.png
244,Company 244,https://example.com/company/244,https://www.google.com/search?q=Company+244,https://example.com/logo/244.png
245,Company 245,https://example.com/company/245,https://www.google.com/search?q=Company+245,https://example.com/logo/245.png
246,Company 246,https://example.com/company/246,https://www.google.com/search?q=Company+246,https://example.com/logo/246.png
247,Company 247,https://example.com/company/247,https://www.google.com/search?q=Company+247,https://example.com/logo/247.png
248,Company 248,https://example.com/company/248,https://www.google.com/search?q=Company+248,https://example.com/logo/248.png
249,Company 249,https://example.com/company/249,https://www.google.com/search?q=Company+249,https://example.com/logo/249.png
250,Company 250,https://example.com/company/250,https://www.google.com/search?q=Company+250,https://example.com/logo/250.png
251,Company 251,https://example.com/company/251,https://www.google.com/search?q=Company+251,https://example.com/logo/251.png
252,Company 252,https://example.com/company/252,https://www.google.com/search?q=Company+252,https://example.com/logo/252.png
253,Company 253,https://example.com/company/253,https://www.google.com/search?q=Company+253,https://example.com/logo/253.png
254,Company 254,https://example.com/company/254,https://www.google.com/search?q=Company+254,https://example.com/logo/254.png
255,Company 255,https://example.com/company/255,https://www.google.com/search?q=Company+255,https://example.com/logo/255.png
256,Company 256,https://example.com/company/256,https://www.google.com/search?q=Company+256,https://example.com/logo/256.png
257,Company 257,https://example.com/company/257,https://www.google.com/search?q=Company+257,https://example.com/logo/257.png
258,Company 258,https://example.com/company/258,https://www.google.com/search?q=Company+258,https://example.com/logo/258.png
259,Company 259,https://example.com/company/259,https://www.google.com/search?q=Company+259,https://example.com/logo/259.png
260,Company 260,https://example.com/company/260,https://www.google.com/search?q=Company+260,https://example.com/logo/260.png
261,Company 261,https://example.com/company/261,https://www.google.com/search?q=Company+261,https://example.com/logo/261.png
262,Company 262,https://example.com/company/262,https://www.google.com/search?q=Company+262,https://example.com/logo/262.png
263,Company 263,https://example.com/company/263,https://www.google.com/search?q=Company+263,https://example.com/logo/263.png
264,Company 264,https://example.com/company/264,https://www.google.com/search?q=Company+264,https://example.com/logo/264.png
265,Company 265,https://example.com/company/265,https://www.google.com/search?q=Company+265,https://example.com/logo/265.png
266,Company 266,https://example.com/company/266,https://www.google.com/search?q=Company+266,https://example.com/logo/266.png
267,Company 267,https://example.com/company/267,https://www.google.com/search?q=Company+267,https://example.com/logo/267.png
268,Company 268,https://example.com/company/268,https://www.google.com/search?q=Company+268,https://example.com/logo/268.png
269,Company 269,https://example.com/company/269,https://www.google.com/search?q=Company+269,https://example.com/logo/269.png
270,Company 270,https://example.com/company/270,https://www.google.com/search?q=Company+270,https://example.com/logo/270.png
271,Company 271,https://example.com/company/271,https://www.google.com/search?q=Company+271,https://example.com/logo/271.png
272,Company 272,https://example.com/company/272,https://www.google.com/search?q=Company+272,https://example.com/logo/272.png
273,Company 273,https://example.com/company/273,https://www.google.com/search?q=Company+273,https://example.com/logo/273.png
274,Company 274,https://example.com/company/274,https://www.google.com/search?q=Company+274,https://example.com/logo/274.png
275,Company 275,https://example.com/company/275,https://www.google.com/search?q=Company+275,https://example.com/logo/275.png
276,Company 276,https://example.com/company/276,https://www.google.com/search?q=Company+276,https://example.com/logo/276.png
277,Company 277,https://example.com/company/277,https://www.google.com/search?q=Company+277,https://example.com/logo/277.png
278,Company 278,https://example.com/company/278,https://www.google.com/search?q=Company+278,https://example.com/logo/278.png
279,Company 279,https://example.com/company/279,https://www.google.com/search?q=Company+279,https://example.com/logo/279.png
280,Company 280,https://example.com/company/280,https://www.google.com/search?q=Company+280,https://example.com/logo/280.png
281,Company 281,https://example.com/company/281,https://www.google.com/search?q=Company+281,https://example.com/logo/281.png
282,Company 282,https://example.com/company/282,https://www.google.com/search?q=Company+282,https://example.com/logo/282.png
283,Company 283,https://example.com/company/283,https://www.google.com/search?q=Company+283,https://example.com/logo/283.png
284,Company 284,https://example.com/company/284,https://www.google.com/search?q=Company+284,https://example.com/logo/284.png
285,Company 285,https://example.com/company/285,https://www.google.com/search?q=Company+285,https://example.com/logo/285.png
286,Company 286,https://example.com/company/286,https://www.google.com/search?q=Company+286,https://example.com/logo/286.png
287,Company 287,https://example.com/company/287,https://www.google.com/search?q=Company+287,https://example.com/logo/287.png
288,Company 288,https://example.com/company/288,https://www.google.com/search?q=Company+288,https://example.com/logo/288.png
289,Company 289,https://example.com/company/289,https://www.google.com/search?q=Company+289,https://example.com/logo/289.png
290,Company 290,https://example.com/company/290,https://www.google.com/search?q=Company+290,https://example.com/logo/290.png
291,Company 291,https://example.com/company/291,https://www.google.com/search?q=Company+291,https://example.com/logo/291.png
292,Company 292,https://example.com/company/292,https://www.google.com/search?q=Company+292,https://example.com/logo/292.png
293,Company 293,https://example.com/company/293,https://www.google.com/search?q=Company+293,https://example.com/logo/293.png
294,Company 294,https://example.com/company/294,https://www.google.com/search?q=Company+294,https://example.com/logo/294.png
295,Company 295,https://example.com/company/295,https://www.google.com/search?q=Company+295,https://example.com/logo/295.png
296,Company 296,https://example.com/company/296,https://www.google.com/search?q=Company+296,https://example.com/logo/296.png
297,Company 297,https://example.com/company/297,https://www.google.com/search?q=Company+297,https://example.com/logo/297.png
298,Company 298,https://example.com/company/298,https://www.google.com/search?q=Company+298,https://example.com/logo/298.png
299,Company 299,https://example.com/company/299,https://www.google.com/search?q=Company+299,https://example.com/logo/299.png
300,Company 300,https://example.com/company/300,https://www.google.com/search?q=Company+300,https://example.com/logo/300.png
301,Company 301,https://example.com/company/301,https://www.google.com/search?q=Company+301,https://example.com/logo/301.png
302,Company 302,https://example.com/company/302,https://www.google.com/search?q=Company+302,https://example.com/logo/302.png
303,Company 303,https://example.com/company/303,https://www.google.com/search?q=Company+303,https://example.com/logo/303.png
304,Company 304,https://example.com/company/304,https://www.google.com/search?q=Company+304,https://example.com/logo/304.png
305,Company 305,https://example.com/company/305,https://www.google.com/search?q=Company+305,https://example.com/logo/305.png
306,Company 306,https://example.com/company/306,https://www.google.com/search?q=Company+306,https://example.com/logo/306.png
307,Company 307,https://example.com/company/307,https://www.google.com/search?q=Company+307,https://example.com/logo/307.png
308,Company 308,https://example.com/company/308,https://www.google.com/search?q=Company+308,https://example.com/logo/308.png
309,Company 309,https://example.com/company/309,https://www.google.com/search?q=Company+309,https://example.com/logo/309.png
310,Company 310,https://example.com/company/310,https://www.google.com/search?q=Company+310,https://example.com/logo/310.png
311,Company 311,https://example.com/company/311,https://www.google.com/search?q=Company+311,https://example.com/logo/311.png
312,Company 312,https://example.com/company/312,https://www.google.com/search?q=Company+312,https://example.com/logo/312.png
313,Company 313,https://example.com/company/313,https://www.google.com/search?q=Company+313,https://example.com/logo/313.png
314,Company 314,https://example.com/company/314,https://www.google.com/search?q=Company+314,https://example.com/logo/314.png
315,Company 315,https://example.com/company/315,https://www.google.com/search?q=Company+315,https://example.com/logo/315.png
316,Company 316,https://example.com/company/316,https://www.google.com/search?q=Company+316,https://example.com/logo/316.png
317,Company 317,https://example.com/company/317,https://www.google.com/search?q=Company+317,https://example.com/logo/317.png
318,Company 318,https://example.com/company/318,https://www.google.com/search?q=Company+318,https://example.com/logo/318.png
319,Company 319,https://example.com/company/319,https://www.google.com/search?q=Company+319,https://example.com/logo/319.png
320,Company 320,https://example.com/company/320,https://www.google.com/search?q=Company+320,https://example.com/logo/320.png
321,Company 321,https://example.com/company/321,https://www.google.com/search?q=Company+321,https://example.com/logo/321.png
322,Company 322,https://example.com/company/322,https://www.google.com/search?q=Company+322,https://example.com/logo/322.png
323,Company 323,https://example.com/company/323,https://www.google.com/search?q=Company+323,https://example.com/logo/323.png
324,Company 324,https://example.com/company/324,https://www.google.com/search?q=Company+324,https://example.com/logo/324.png
325,Company 325,https://example.com/company/325,https://www.google.com/search?q=Company+325,https://example.com/logo/325.png
326,Company 326,https://example.com/company/326,https://www.google.com/search?q=Company+326,https://example.com/logo/326.png
327,Company 327,https://example.com/company/327,https://www.google.com/search?q=Company+327,https://example.com/logo/327.png
328,Company 328,https://example.com/company/328,https://www.google.com/search?q=Company+328,https://example.com/logo/328.png
329,Company 329,https://example.com/company/329,https://www.google.com/search?q=Company+329,https://example.com/logo/329.png
330,Company 330,https://example.com/company/330,https://www.google.com/search?q=Company+330,https://example.com/logo/330.png
331,Company 331,https://example.com/company/331,https://www.google.com/search?q=Company+331,https://example.com/logo/331.png
332,Company 332,https://example.com/company/332,https://www.google.com/search?q=Company+332,https://example.com/logo/332.png
333,Company 333,https://example.com/company/333,https://www.google.com/search?q=Company+333,https://example.com/logo/333.png
334,Company 334,https://example.com/company/334,https://www.google.com/search?q=Company+334,https://example.com/logo/334.png
335,Company 335,https://example.com/company/335,https://www.google.com/search?q=Company+335,https://example.com/logo/335.png
336,Company 336,https://example.com/company/336,https://www.google.com/search?q=Company+336,https://example.com/logo/336.png
337,Company 337,https://example.com/company/337,https://www.google.com/search?q=Company+337,https://example.com/logo/337.png
338,Company 338,https://example.com/company/338,https://www.google.com/search?q=Company+338,https://example.com/logo/338.png
339,Company 339,https://example.com/company/339,https://www.google.com/search?q=Company+339,https://example.com/logo/339.png
340,Company 340,https://example.com/company/340,https://www.google.com/search?q=Company+340,https://example.com/logo/340.png
341,Company 341,https://example.com/company/341,https://www.google.com/search?q=Company+341,https://example.com/logo/341.png
342,Company 342,https://example.com/company/342,https://www.google.com/search?q=Company+342,https://example.com/logo/342.png
343,Company 343,https://example.com/company/343,https://www.google.com/search?q=Company+343,https://example.com/logo/343.png
344,Company 344,https://example.com/company/344,https://www.google.com/search?q=Company+344,https://example.com/logo/344.png
345,Company 345,https://example.com/company/345,https://www.google.com/search?q=Company+345,https://example.com/logo/345.png
346,Company 346,https://example.com/company/346,https://www.google.com/search?q=Company+346,https://example.com/logo/346.png
347,Company 347,https://example.com/company/347,https://www.google.com/search?q=Company+347,https://example.com/logo/347.png
348,Company 348,https://example.com/company/348,https://www.google.com/search?q=Company+348,https://example.com/logo/348.png
349,Company 349,https://example.com/company/349,https://www.google.com/search?q=Company+349,https://example.com/logo/349.png
350,Company 350,https://example.com/company/350,https://www.google.com/search?q=Company+350,https://example.com/logo/350.png
351,Company 351,https://example.com/company/351,https://www.google.com/search?q=Company+351,https://example.com/logo/351.png
352,Company 352,https://example.com/company/352,https://www.google.com/search?q=Company+352,https://example.com/logo/352.png
353,Company 353,https://example.com/company/353,https://www.google.com/search?q=Company+353,https://example.com/logo/353.png
354,Company 354,https://example.com/company/354,https://www.google.com/search?q=Company+354,https://example.com/logo/354.png
355,Company 355,https://example.com/company/355,https://www.google.com/search?q=Company+355,https://example.com/logo/355.png
356,Company 356,https://example.com/company/356,https://www.google.com/search?q=Company+356,https://example.com/logo/356.png
357,Company 357,https://example.com/company/357,https://www.google.com/search?q=Company+357,https://example.com/logo/357.png
358,Company 358,https://example.com/company/358,https://www.google.com/search?q=Company+358,https://example.com/logo/358.png
359,Company 359,https://example.com/company/359,https://www.google.com/search?q=Company+359,https://example.com/logo/359.png
360,Company 360,https://example.com/company/360,https://www.google.com/search?q=Company+360,https://example.com/logo/360.png
361,Company 361,https://example.com/company/361,https://www.google.com/search?q=Company+361,https://example.com/logo/361.png
362,Company 362,https://example.com/company/362,https://www.google.com/search?q=Company+362,https://example.com/logo/362.png
363,Company 363,https://example.com/company/363,https://www.google.com/search?q=Company+363,https://example.com/logo/363.png
364,Company 364,https://example.com/company/364,https://www.google.com/search?q=Company+364,https://example.com/logo/364.png
365,Company 365,https://example.com/company/365,https://www.google.com/search?q=Company+365,https://example.com/logo/365.png
366,Company 366,https://example.com/company/366,https://www.google.com/search?q=Company+366,https://example.com/logo/366.png
367,Company 367,https://example.com/company/367,https://www.google.com/search?q=Company+367,https://example.com/logo/367.png
368,Company 368,https://example.com/company/368,https://www.google.com/search?q=Company+368,https://example.com/logo/368.png
369,Company 369,https://example.com/company/369,https://www.google.com/search?q=Company+369,https://example.com/logo/369.png
370,Company 370,https://example.com/company/370,https://www.google.com/search?q=Company+370,https://example.com/logo/370.png
371,Company 371,https://example.com/company/371,https://www.google.com/search?q=Company+371,https://example.com/logo/371.png
372,Company 372,https://example.com/company/372,https://www.google.com/search?q=Company+372,https://example.com/logo/372.png
373,Company 373,https://example.com/company/373,https://www.google.com/search?q=Company+373,https://example.com/logo/373.png
374,Company 374,https://example.com/company/374,https://www.google.com/search?q=Company+374,https://example.com/logo/374.png
375,Company 375,https://example.com/company/375,https://www.google.com/search?q=Company+375,https://example.com/logo/375.png
376,Company 376,https://example.com/company/376,https://www.google.com/search?q=Company+376,https://example.com/logo/376.png
377,Company 377,https://example.com/company/377,https://www.google.com/search?q=Company+377,https://example.com/logo/377.png
378,Company 378,https://example.com/company/378,https://www.google.com/search?q=Company+378,https://example.com/logo/378.png
379,Company 379,https://example.com/company/379,https://www.google.com/search?q=Company+379,https://example.com/logo/379.png
380,Company 380,https://example.com/company/380,https://www.google.com/search?q=Company+380,https://example.com/logo/380.png
381,Company 381,https://example.com/company/381,https://www.google.com/search?q=Company+381,https://example.com/logo/381.png
382,Company 382,https://example.com/company/382,https://www.google.com/search?q=Company+382,https://example.com/logo/382.png
383,Company 383,https://example.com/company/383,https://www.google.com/search?q=Company+383,https://example.com/logo/383.png
384,Company 384,https://example.com/company/384,https://www.google.com/search?q=Company+384,https://example.com/logo/384.png
385,Company 385,https://example.com/company/385,https://www.google.com/search?q=Company+385,https://example.com/logo/385.png
386,Company 386,https://example.com/company/386,https://www.google.com/search?q=Company+386,https://example.com/logo/386.png
387,Company 387,https://example.com/company/387,https://www.google.com/search?q=Company+387,https://example.com/logo/387.png
388,Company 388,https://example.com/company/388,https://www.google.com/search?q=Company+388,https://example.com/logo/388.png
389,Company 389,https://example.com/company/389,https://www.google.com/search?q=Company+389,https://example.com/logo/389.png
390,Company 390,https://example.com/company/390,https://www.google.com/search?q=Company+390,https://example.com/logo/390.png
391,Company 391,https://example.com/company/391,https://www.google.com/search?q=Company+391,https://example.com/logo/391.png
392,Company 392,https://example.com/company/392,https://www.google.com/search?q=Company+392,https://example.com/logo/392.png
393,Company 393,https://example.com/company/393,https://www.google.com/search?q=Company+393,https://example.com/logo/393.png
394,Company 394,https://example.com/company/394,https://www.google.com/search?q=Company+394,https://example.com/logo/394.png
395,Company 395,https://example.com/company/395,https://www.google.com/search?q=Company+395,https://example.com/logo/395.png
396,Company 396,https://example.com/company/396,https://www.google.com/search?q=Company+396,https://example.com/logo/396.png
397,Company 397,https://example.com/company/397,https://www.google.com/search?q=Company+397,https://example.com/logo/397.png
398,Company 398,https://example.com/company/398,https://www.google.com/search?q=Company+398,https://example.com/logo/398.png
399,Company 399,https://example.com/company/399,https://www.google.com/search?q=Company+399,https://example.com/logo/399.png
400,Company 400,https://example.com/company/400,https://www.google.com/search?q=Company+400,https://example.com/logo/400.png
401,Company 401,https://example.com/company/401,https://www.google.com/search?q=Company+401,https://example.com/logo/401.png
402,Company 402,https://example.com/company/402,https://www.google.com/search?q=Company+402,https://example.com/logo/402.png
403,Company 403,https://example.com/company/403,https://www.google.com/search?q=Company+403,https://example.com/logo/403.png
404,Company 404,https://example.com/company/404,https://www.google.com/search?q=Company+404,https://example.com/logo/404.png
405,Company 405,https://example.com/company/405,https://www.google.com/search?q=Company+405,https://example.com/logo/405.png
406,Company 406,https://example.com/company/406,https://www.google.com/search?q=Company+406,https://example.com/logo/406.png
407,Company 407,https://example.com/company/407,https://www.google.com/search?q=Company+407,https://example.com/logo/407.png
408,Company 408,https://example.com/company/408,https://www.google.com/search?q=Company+408,https://example.com/logo/408.png
409,Company 409,https://example.com/company/409,https://www.google.com/search?q=Company+409,https://example.com/logo/409.png
410,Company 410,https://example.com/company/410,https://www.google.com/search?q=Company+410,https://example.com/logo/410.png
411,Company 411,https://example.com/company/411,https://www.google.com/search?q=Company+411,https://example.com/logo/411.png
412,Company 412,https://example.com/company/412,https://www.google.com/search?q=Company+412,https://example.com/logo/412.png
413,Company 413,https://example.com/company/413,https://www.google.com/search?q=Company+413,https://example.com/logo/413.png
414,Company 414,https://example.com/company/414,https://www.google.com/search?q=Company+414,https://example.com/logo/414.png
415,Company 415,https://example.com/company/415,https://www.google.com/search?q=Company+415,https://example.com/logo/415.png
416,Company 416,https://example.com/company/416,https://www.google.com/search?q=Company+416,https://example.com/logo/416.png
417,Company 417,https://example.com/company/417,https://www.google.com/search?q=Company+417,https://example.com/logo/417.png
418,Company 418,https://example.com/company/418,https://www.google.com/search?q=Company+418,https://example.com/logo/418.png
419,Company 419,https://example.com/company/419,https://www.google.com/search?q=Company+419,https://example.com/logo/419.png
420,Company 420,https://example.com/company/420,https://www.google.com/search?q=Company+420,https://example.com/logo/420.png
421,Company 421,https://example.com/company/421,https://www.google.com/search?q=Company+421,https://example.com/logo/421.png
422,Company 422,https://example.com/company/422,https://www.google.com/search?q=Company+422,https://example.com/logo/422.png
423,Company 423,https://example.com/company/423,https://www.google.com/search?q=Company+423,https://example.com/logo/423.png
424,Company 424,https://example.com/company/424,https://www.google.com/search?q=Company+424,https://example.com/logo/424.png
425,Company 425,https://example.com/company/425,https://www.google.com/search?q=Company+425,https://example.com/logo/425.png
426,Company 426,https://example.com/company/426,https://www.google.com/search?q=Company+426,https://example.com/logo/426.png
427,Company 427,https://example.com/company/427,https://www.google.com/search?q=Company+427,https://example.com/logo/427.png
428,Company 428,https://example.com/company/428,https://www.google.com/search?q=Company+428,https://example.com/logo/428.png
429,Company 429,https://example.com/company/429,https://www.google.com/search?q=Company+429,https://example.com/logo/429.png
430,Company 430,https://example.com/company/430,https://www.google.com/search?q=Company+430,https://example.com/logo/430.png
431,Company 431,https://example.com/company/431,https://www.google.com/search?q=Company+431,https://example.com/logo/431.png
432,Company 432,https://example.com/company/432,https://www.google.com/search?q=Company+432,https://example.com/logo/432.png
433,Company 433,https://example.com/company/433,https://www.google.com/search?q=Company+433,https://example.com/logo/433.png
434,Company 434,https://example.com/company/434,https://www.google.com/search?q=Company+434,https://example.com/logo/434.png
435,Company 435,https://example.com/company/435,https://www.google.com/search?q=Company+435,https://example.com/logo/435.png
436,Company 436,https://example.com/company/436,https://www.google.com/search?q=Company+436,https://example.com/logo/436.png
437,Company 437,https://example.com/company/437,https://www.google.com/search?q=Company+437,https://example.com/logo/437.png
438,Company 438,https://example.com/company/438,https://www.google.com/search?q=Company+438,https://example.com/logo/438.png
439,Company 439,https://example.com/company/439,https://www.google.com/search?q=Company+439,https://example.com/logo/439.png
440,Company 440,https://example.com/company/440,https://www.google.com/search?q=Company+440,https://example.com/logo/440.png
441,Company 441,https://example.com/company/441,https://www.google.com/search?q=Company+441,https://example.com/logo/441.png
442,Company 442,https://example.com/company/442,https://www.google.com/search?q=Company+442,https://example.com/logo/442.png
443,Company 443,https://example.com/company/443,https://www.google.com/search?q=Company+443,https://example.com/logo/443.png
444,Company 444,https://example.com/company/444,https://www.google.com/search?q=Company+444,https://example.com/logo/444.png
445,Company 445,https://example.com/company/445,https://www.google.com/search?q=Company+445,https://example.com/logo/445.png
446,Company 446,https://example.com/company/446,https://www.google.com/search?q=Company+446,https://example.com/logo/446.png
447,Company 447,https://example.com/company/447,https://www.google.com/search?q=Company+447,https://example.com/logo/447.png
448,Company 448,https://example.com/company/448,https://www.google.com/search?q=Company+448,https://example.com/logo/448.png
449,Company 449,https://example.com/company/449,https://www.google.com/search?q=Company+449,https://example.com/logo/449.png
450,Company 450,https://example.com/company/450,https://www.google.com/search?q=Company+450,https://example.com/logo/450.png
451,Company 451,https://example.com/company/451,https://www.google.com/search?q=Company+451,https://example.com/logo/451.png
452,Company 452,https://example.com/company/452,https://www.google.com/search?q=Company+452,https://example.com/logo/452.png
453,Company 453,https://example.com/company/453,https://www.google.com/search?q=Company+453,https://example.com/logo/453.png
454,Company 454,https://example.com/company/454,https://www.google.com/search?q=Company+454,https://example.com/logo/454.png
455,Company 455,https://example.com/company/455,https://www.google.com/search?q=Company+455,https://example.com/logo/455.png
456,Company 456,https://example.com/company/456,https://www.google.com/search?q=Company+456,https://example.com/logo/456.png
457,Company 457,https://example.com/company/457,https://www.google.com/search?q=Company+457,https://example.com/logo/457.png
458,Company 458,https://example.com/company/458,https://www.google.com/search?q=Company+458,https://example.com/logo/458.png
459,Company 459,https://example.com/company/459,https://www.google.com/search?q=Company+459,https://example.com/logo/459.png
460,Company 460,https://example.com/company/460,https://www.google.com/search?q=Company+460,https://example.com/logo/460.png
461,Company 461,https://example.com/company/461,https://www.google.com/search?q=Company+461,https://example.com/logo/461.png
462,Company 462,https://example.com/company/462,https://www.google.com/search?q=Company+462,https://example.com/logo/462.png
463,Company 463,https://example.com/company/463,https://www.google.com/search?q=Company+463,https://example.com/logo/463.png
464,Company 464,https://example.com/company/464,https://www.google.com/search?q=Company+464,https://example.com/logo/464.png
465,Company 465,https://example.com/company/465,https://www.google.com/search?q=Company+465,https://example.com/logo/465.png
466,Company 466,https://example.com/company/466,https://www.google.com/search?q=Company+466,https://example.com/logo/466.png
467,Company 467,https://example.com/company/467,https://www.google.com/search?q=Company+467,https://example.com/logo/467.png
468,Company 468,https://example.com/company/468,https://www.google.com/search?q=Company+468,https://example.com/logo/468.png
469,Company 469,https://example.com/company/469,https://www.google.com/search?q=Company+469,https://example.com/logo/469.png
470,Company 470,https://example.com/company/470,https://www.google.com/search?q=Company+470,https://example.com/logo/470.png
471,Company 471,https://example.com/company/471,https://www.google.com/search?q=Company+471,https://example.com/logo/471.png
472,Company 472,https://example.com/company/472,https://www.google.com/search?q=Company+472,https://example.com/logo/472.png
473,Company 473,https://example.com/company/473,https://www.google.com/search?q=Company+473,https://example.com/logo/473.png
474,Company 474,https://example.com/company/474,https://www.google.com/search?q=Company+474,https://example.com/logo/474.png
475,Company 475,https://example.com/company/475,https://www.google.com/search?q=Company+475,https://example.com/logo/475.png
476,Company 476,https://example.com/company/476,https://www.google.com/search?q=Company+476,https://example.com/logo/476.png
477,Company 477,https://example.com/company/477,https://www.google.com/search?q=Company+477,https://example.com/logo/477.png
478,Company 478,https://example.com/company/478,https://www.google.com/search?q=Company+478,https://example.com/logo/478.png
479,Company 479,https://example.com/company/479,https://www.google.com/search?q=Company+479,https://example.com/logo/479.png
480,Company 480,https://example.com/company/480,https://www.google.com/search?q=Company+480,https://example.com/logo/480.png
481,Company 481,https://example.com/company/481,https://www.google.com/search?q=Company+481,https://example.com/logo/481.png
482,Company 482,https://example.com/company/482,https://www.google.com/search?q=Company+482,https://example.com/logo/482.png
483,Company 483,https://example.com/company/483,https://www.google.com/search?q=Company+483,https://example.com/logo/483.png
484,Company 484,https://example.com/company/484,https://www.google.com/search?q=Company+484,https://example.com/logo/484.png
485,Company 485,https://example.com/company/485,https://www.google.com/search?q=Company+485,https://example.com/logo/485.png
486,Company 486,https://example.com/company/486,https://www.google.com/search?q=Company+486,https://example.com/logo/486.png
487,Company 487,https://example.com/company/487,https://www.google.com/search?q=Company+487,https://example.com/logo/487.png
488,Company 488,https://example.com/company/488,https://www.google.com/search?q=Company+488,https://example.com/logo/488.png
489,Company 489,https://example.com/company/489,https://www.google.com/search?q=Company+489,https://example.com/logo/489.png
490,Company 490,https://example.com/company/490,https://www.google.com/search?q=Company+490,https://example.com/logo/490.png
491,Company 491,https://example.com/company/491,https://www.google.com/search?q=Company+491,https://example.com/logo/491.png
492,Company 492,https://example.com/company/492,https://www.google.com/search?q=Company+492,https://example.com/logo/492.png
493,Company 493,https://example.com/company/493,https://www.google.com/search?q=Company+493,https://example.com/logo/493.png
494,Company 494,https://example.com/company/494,https://www.google.com/search?q=Company+494,https://example.com/logo/494.png
495,Company 495,https://example.com/company/495,https://www.google.com/search?q=Company+495,https://example.com/logo/495.png
496,Company 496,https://example.com/company/496,https://www.google.com/search?q=Company+496,https://example.com/logo/496.png
497,Company 497,https://example.com/company/497,https://www.google.com/search?q=Company+497,https://example.com/logo/497.png
498,Company 498,https://example.com/company/498,https://www.google.com/search?q=Company+498,https://example.com/logo/498.png
499,Company 499,https://example.com/company/499,https://www.google.com/search?q=Company+499,https://example.com/logo/499.png
500,Company 500,https://example.com/company/500,https://www.google.com/search?q=Company+500,https://example.com/logo/500.png
